first_name,last_name,birth_year,passport_number
Sutherlan,Drowsfield,2012,65044-5022
Diego,Wartonby,2000,67544-301
Eadie,Archanbault,1986,50436-0405
Joella,MacAindreis,1997,55111-608
Ferd,Soppit,2010,54868-2062
Nisse,Housin,1986,69154-040
Izaak,Chennells,2012,55714-2297
Cassi,Simmen,2008,55154-6639
Tiphany,Lamburne,2011,0378-5575
Ashlen,Matejovsky,1966,47219-301
Turner,Ridolfo,2000,63629-1397
Moritz,Pedican,1992,59900-118
Eliot,Gritten,1987,57469-050
Tamra,Manderson,2006,11559-002
Raimund,Amphlett,2010,0603-2110
Jens,Elderbrant,1997,49348-843
Bel,Hallsworth,1997,36987-1899
Letti,Stebbings,2000,64616-084
Chantalle,Burbage,2005,67457-478
Stuart,Syphas,2011,48433-320
Brian,Wakes,2005,59667-0057
Baudoin,Cuddihy,1994,60505-0206
Peta,Birckmann,2006,10631-096
Mae,Lavens,2006,67544-888
Alfonso,Grumley,1996,0482-0062
Gloriana,Whytock,2006,68180-554
Cristen,Klaesson,2000,68151-3792
Margalit,O'Shields,1995,37205-314
Arden,Alejo,1987,36987-2563
Chen,Coggan,2000,0904-6339
Abbey,Jenicek,1995,44924-123
Rodolphe,Zanuciolii,2003,59779-878
Harbert,Waterhouse,1997,36987-2418
Yul,Relfe,2010,62011-0014
Stirling,Attwoull,2003,50332-0118
Wainwright,Neil,1985,64495-2364
Ford,Grishinov,1996,49349-860
Othella,Redwall,2010,52125-130
Eugen,Finlay,2002,52125-086
Elga,Allaker,1986,10191-1940
Dyana,Andrick,1990,16590-003
Janean,Causey,1993,33261-484
Adelice,Darke,2004,68645-426
Wally,Dubery,1987,49035-793
Wally,Hariot,2007,68828-149
Bernardine,Hackelton,2012,13925-161
Evered,Merdew,1996,10742-8271
Damon,Reddy,2001,47593-359
Bette-ann,Lanfare,2005,49348-123
Rebekkah,Stiling,1996,59534-002
Risa,Newick,2008,0363-0490
Hyacintha,Ziemke,2007,64725-1021
Ezmeralda,Doudny,2006,57469-024
Alf,Grimsell,1992,59779-824
Farr,Hess,2012,30142-621
Kailey,Jepensen,2007,60429-058
Carolynn,Lefeuvre,2009,36987-3023
Titos,McCarver,2004,49738-480
Miguelita,Fawdrey,2011,51346-154
Huntley,Pavlishchev,2011,65044-0788
Cathee,Borrel,2010,63629-3768
Phillipe,Lacknor,1998,36987-1185
Chandler,Goodband,2005,55154-4789
Van,Watts,2007,10356-340
Luca,Anthill,2004,49967-425
Somerset,Brunskill,2004,31722-331
Rivy,Portchmouth,2005,55154-3624
Arney,Ulster,2005,67046-919
Ana,Yushmanov,1975,36987-2970
Angelica,Craigie,1989,53187-189
Swen,Brownsett,1997,54575-424
Willi,Graben,2004,58980-330
Clywd,Fieldsend,1995,49884-205
Skell,Sainsbury,2008,39328-048
Ursa,McKibben,2003,64305-001
Herold,Medlin,2011,37205-661
Wain,March,2006,0338-0519
Sumner,Wharrier,2004,52125-695
Gabrila,Broadnicke,1992,0280-1420
Daryl,Lindback,2002,0378-2260
Shandy,Kidson,1992,0363-0018
Faith,Biggadyke,1997,16590-102
Hendrika,Klambt,1999,51808-223
Bentley,Gidney,1984,76472-1140
Yul,Baumaier,1991,21695-017
Mable,Andriuzzi,1993,52584-017
Jeralee,Dauber,2008,49288-0396
Gloriane,Rippingale,1992,49349-370
Carma,Gettone,2006,52584-402
Sonia,Gunda,2006,59779-261
Maude,Roblin,2008,0713-0703
Nickie,Sivil,2007,98132-888
Ellswerth,O'Spillane,1999,67046-643
Cinda,Roles,1997,11822-0199
Ira,Puckey,2004,36987-2528
Walther,Bault,1993,52380-1102
Guenevere,Burwood,1966,58394-024
Bartholemy,Threadgill,2009,36987-2449
Jarrad,Peter,2004,48951-3042
Henriette,Cordie,1999,0268-1245
Cristionna,Jopp,2010,58118-9839
Lina,Carbonell,2005,61543-7501
Roseann,Rickarsey,1994,54868-1517
Sergei,Cullingworth,2000,59779-522
Tania,Hugland,1982,61957-2135
Amye,Highnam,2008,63162-520
Nananne,Lydden,1999,48951-1158
Jobey,Tiron,2000,67567-0306
Emmerich,Janik,2004,0179-0098
Paton,Lenahan,2007,0135-0508
Carley,Shimony,1992,53808-0852
Barri,Moyce,1996,0904-5837
Sisile,Robion,2009,59584-140
Ofilia,Dreigher,2003,49999-846
Jamison,Cannon,1984,49288-0087
Hunfredo,Swigg,2009,54868-5424
Juditha,McFee,2009,54868-3043
Finley,Corkish,1991,65954-003
Barnabas,Annon,2006,68220-112
Christal,Grealey,1996,50653-1001
Doyle,Grassick,1996,21695-866
Gwyn,Loakes,2009,57896-763
Forrester,Paylor,2006,68745-1027
Dallon,Broadis,1961,55154-5681
Rani,MacAdam,2010,61727-312
Denny,Pirri,1992,33261-460
Homere,Beech,1996,54973-3093
Bartlett,Adamovsky,1991,67253-142
Ileane,Heintze,2010,49288-0230
Stella,Tatlow,2000,29500-7020
Adeline,Rowthorn,2006,66530-253
Uri,Bown,2003,0904-6088
Rose,Deny,1997,52533-124
Donavon,Coughlin,1996,36987-1717
Sam,Grosvenor,1998,36987-2616
Patton,Stoacley,1989,48871-006
Allister,Phizakarley,2006,0268-7001
Filmer,Fritter,1995,10345-032
Drew,Levins,1993,43063-354
Joceline,Rey,1998,68462-110
Geneva,Montilla,2004,44087-1375
Lorine,Briand,1996,52125-358
Sydney,Bock,2007,0498-0119
Zena,Tocher,2012,0597-0148
Seana,Zecchetti,2007,21695-775
Curcio,Veltman,2008,42926-121
Irvine,Edmett,1997,51270-112
Darcie,Dealey,2009,0781-2067
Tara,Lock,1993,54575-371
Em,Conew,1992,52731-7045
Chandra,Giacobilio,2010,0363-9030
Kele,Spellar,2006,54868-0064
Bettine,Peasegood,2012,35356-032
Kirk,Brookesbie,2007,51079-685
Alexine,Whitnall,2010,16590-922
Wendi,Madner,1988,42947-620
Oralla,Mattisson,2005,48951-2079
Inger,Senten,1990,63833-615
Corby,Aslet,1995,59779-994
Cathryn,Eykelbosch,2004,76354-108
Barbabas,Kolinsky,1964,0603-0855
Dickie,Hendin,2000,55319-333
Woodman,Keitch,2008,0869-0050
Mallorie,Killigrew,1992,52380-4193
Gino,Charnick,2009,13811-544
Bogart,Okenden,2001,53808-0811
Sherline,Bigmore,2012,0378-6089
Antoine,Wickardt,1992,36987-3355
Giralda,Caldecott,2005,63032-031
Breena,Januszewicz,2003,53113-688
Joyous,Henzer,2001,49288-0801
Ingamar,Slite,2006,42023-124
Danielle,Hellin,1995,68084-895
Alexi,Wallett,2009,0093-2055
Gisella,Stagge,2004,51655-926
Arley,Olney,2000,17856-1000
Aubree,Coughlin,1999,0074-7069
Jenilee,Bramsen,2010,40104-001
Hildy,Musto,1997,42043-191
Kira,Zealey,1994,40085-218
Miller,Alven,1992,53808-0898
Zaccaria,Hockell,1990,76119-1447
Kelli,De la croix,1997,0615-5530
Niel,Balazot,1993,65162-607
Creighton,Grane,2011,43447-9440
Giorgia,Deakes,1995,68462-234
Shelby,Hukin,1998,36987-1213
Courtney,Rapi,1997,52410-3020
Annora,Trenoweth,2003,16729-136
Jillene,Dodworth,2006,60760-695
Shell,Tesdale,2006,63304-214
Coreen,Restieaux,1996,13537-251
Ferdinand,Onions,2012,55316-486
Rockie,Johananoff,1984,63304-097
Tannie,Okey,2002,0113-0922
Flo,Klemensiewicz,2001,50436-3011
Jacquelynn,Rutigliano,2012,13537-246
Holmes,Rylatt,1997,10337-061
Fredelia,Marle,1998,52731-7011
Glyn,O'Dempsey,2002,50436-9983
Dulciana,Brozsset,1964,55154-4786
Lauretta,Chadburn,2009,43526-110
Olag,Dennert,2009,49035-454
Rebekkah,Butters,2004,30142-094
Gianina,Redholls,2012,55714-2299
Amil,Tether,1994,63402-711
Robinett,Padgett,1991,52544-259
Penny,O'Lunny,1985,40076-953
Fidelity,Machan,2010,58895-2001
Babbette,Bascombe,2011,43547-223
Tish,Antonsson,2001,63645-140
Camille,Portam,1986,0363-0400
Vickie,Lightbourn,2008,54868-6377
Harman,Van der Baaren,1988,36987-2493
Tammi,Beresfore,2006,49643-409
Judith,Stanning,1999,0143-3141
Kelsy,Fewtrell,1965,60760-183
Vonny,Peebles,2003,54868-4526
Haroun,Ochterlony,1990,49999-636
Curtice,McGinly,2008,43857-0281
Jessee,McVane,1990,48951-1096
Osbert,Muspratt,2007,47682-115
Buckie,Anshell,2008,55319-300
Burl,Keays,1999,76439-269
Dylan,Abade,2006,55910-724
Cheryl,Lodge,2008,63824-743
Marty,Hadeke,2011,60899-100
Teresa,Hedaux,1992,68016-731
Homere,Brigman,1968,49349-712
Carolan,Rowaszkiewicz,1998,10237-628
Gardy,Middleditch,2000,54868-5826
Fania,Assante,1994,24488-005
Dorolice,Gosnoll,2000,55289-138
Rubetta,Gerriet,2003,63187-084
Egor,Tofts,1993,49969-002
Tad,Bygrave,2010,16729-168
Dannie,Chason,1992,65580-304
Bibbye,Yakovlev,2003,0409-2723
Fayth,Ghilardini,1987,35356-848
Lenee,Pail,2011,66336-377
Jerri,Turban,2000,42043-250
Nana,Rennick,1992,41163-667
Stafford,Arnald,1999,47682-808
Hy,Amorine,1994,49790-001
Enrichetta,Welfair,2001,52584-001
Yolande,Tewkesbury,2002,59262-259
De witt,Dederick,1991,0378-0150
Dory,Switland,1995,43353-389
Tandie,Vost,1994,62011-0021
Nerte,Lowey,1995,51801-009
Eugen,Keller,2009,10544-131
Jinny,Curzey,2008,50685-005
Ulrike,Townby,1995,55301-180
Myrvyn,Ghiotto,1986,43333-443
Rani,Doggett,1997,65044-5222
Claudie,Phette,1980,11697-199
Pascal,Every,1997,55714-2335
Maighdiln,Bernette,2001,55910-893
Mollee,Hastelow,2008,50436-9995
Prescott,Grime,2002,0904-0357
Mehetabel,Batteson,1993,57243-055
Joanna,Elderbrant,2012,47335-715
Stearne,Bignal,1988,59779-128
Syd,Fiddyment,1999,63517-803
Kim,Cogan,2003,54868-5524
Antoinette,Heephy,1968,55910-461
Juli,Saylor,2000,0406-3316
Demetra,Castleman,2010,42507-915
Cyril,Dillinger,2002,53645-1321
Asia,Rooke,2011,49999-016
Cris,Matthis,2002,52099-8010
Evelina,Deguara,1999,52664-008
Consolata,McKevin,1992,52685-308
Gayler,Sidgwick,1992,64117-271
Marya,Tredgold,2006,25010-210
Emilia,Hirschmann,1997,0603-7607
Aveline,Tenny,1995,0555-0872
Claire,Horley,1994,14783-017
Darrick,Blaylock,2001,55316-002
Granny,Gellibrand,2012,33261-146
Magnum,Margetson,2009,44911-0033
Kylila,Wintle,2010,52959-450
Geneva,Briar,2009,17856-0082
Cosetta,Cammack,1990,41520-379
Beryl,Gibby,2010,52125-284
Barry,Garbott,1994,10631-099
Agustin,Spurr,2012,0781-2144
Birdie,Rodie,1997,55513-003
Stu,Fernely,2012,68428-142
Elissa,Arnfield,2010,55312-535
Heloise,Munns,1995,52544-497
Rosaline,Lightwood,2004,0143-1270
Uriel,Logsdale,2003,57520-0535
Marybelle,Lambkin,1996,21695-347
Roch,Semark,2012,24385-197
Yehudit,Postgate,2006,63323-320
Evelina,Gill,2006,31645-163
Teodoor,Proback,1999,0615-7505
Dulcie,Ogilvy,1998,57896-638
Deanna,Castagnaro,1993,0378-9112
Latrena,Ginley,2001,62175-580
Mirabella,Gasnoll,1997,55319-163
Etan,Lowdiane,1992,55154-5741
Kimmie,Threlkeld,2004,0002-3232
Norby,Forber,2000,62112-8045
Margie,Bampkin,1992,33261-050
Francyne,Norcop,2007,43857-0146
Philippine,Fiveash,2006,0310-0208
Ilyssa,Robinette,2004,63824-260
Shayne,Penna,1997,0093-0053
Maure,Barles,2002,51672-1263
Dory,O'Neill,2012,43857-0015
Margalit,Fargie,2010,49981-005
Gladys,Shemwell,1993,76206-002
Lise,Kennicott,2003,68084-202
Camille,Wermerling,2012,51619-300
Cord,Plail,2006,55154-2077
Martita,Sexstone,2009,10356-831
Moishe,Janos,1999,57520-0053
Ame,Raatz,2004,65044-9963
Sanson,Freeberne,1994,0135-0230
Chandra,Stove,1992,68356-117
Saundra,Featherstone,2001,13537-502
Spike,Alderman,2007,51523-021
Waring,Cusiter,1997,48871-180
Elenore,Frudd,1991,58668-4021
Leontine,Shearer,2011,51531-4160
Arlen,Shevlin,2009,52584-308
Haywood,Rodolf,2000,68001-177
Christoph,Dodgshon,1987,52959-662
Allx,Konertz,1994,62040-1001
Cyril,Pleace,1992,21695-346
Urbain,Beech,1995,43857-0167
Patti,Drabble,2012,55154-1491
Lawrence,Adamovitz,1989,0378-0210
Gregory,Thebes,2011,33992-5000
Deane,Parrett,2010,49035-105
Maire,Binton,1988,68180-236
Ninon,Dy,2000,68400-311
Baxy,Iacomo,1999,36987-2767
Rriocard,Cornwall,2004,50419-701
Ray,Grece,1993,0185-0401
Filmer,Over,2002,37012-477
Sampson,Lowey,1989,51079-860
Andromache,McGannon,1986,55292-811
Hadleigh,Bythell,2010,49643-324
Deva,Morecombe,1995,36987-2096
Harriott,Downgate,1972,53746-112
Laureen,Whitby,2008,49349-941
Augustine,Glyssanne,2003,0075-0621
Clarie,Eyckelbeck,2006,0904-6327
Nanice,Stive,2003,52125-668
Orion,Dreinan,1994,61010-2111
Cybill,Giddy,1991,21695-729
Leigha,Frayling,1998,42549-558
Marie-ann,Gotter,2004,54575-906
Sylvester,Warsop,2001,68788-9807
Wyn,Screen,1992,49873-404
Sophronia,Oaks,1973,21695-771
Dyann,Gertray,2009,54868-5909
Doris,Costock,1992,58930-064
Aldis,Burkill,1999,51334-130
Norris,Servante,1998,55154-9562
Sanderson,Weatherill,1996,65601-736
Whitman,Bointon,1999,66582-323
Dorolisa,Losebie,2005,63824-340
Belinda,Bartalini,1996,59779-847
Benjamen,Yesinin,2004,53113-262
Tomaso,Glaum,1995,53567-0722
Dorothy,Guillem,1996,16590-782
Alano,Levensky,1995,36987-2911
Derrek,Aizikovitz,2003,57627-137
Jewelle,Boise,2011,33261-053
Benedikta,Camier,2012,49288-0648
Fina,Gaggen,1993,63629-4394
Barbara,Mougeot,1990,10812-519
Cherye,Elfleet,2002,0409-4055
Krissy,Brandacci,2001,51811-066
Kippie,Aloshkin,1993,62839-0289
Mitch,Lorrimer,1995,0093-7367
Dillie,Fairman,2005,14783-059
Grazia,Rennebach,2006,61589-1815
Hagan,Aicken,2008,11822-9785
Harp,O'Keeffe,2005,58118-5684
Gabriela,Swinburn,1988,42507-213
Ase,Eldershaw,1996,64725-0545
Peria,Blabber,2012,31722-421
Amity,Clyne,1991,49527-036
Berk,Hitschke,2006,59779-544
Darb,Smorthwaite,1999,11980-011
Ludovika,Lymer,1997,62670-3914
Billye,Royste,2007,33992-0329
Camala,Yonnie,2004,57337-044
Peirce,Cattermole,2011,55312-666
Pegeen,Read,2010,49349-613
Welsh,Wakerley,2003,67979-500
Daren,Algate,1993,63739-481
Penelope,Joslin,2010,52125-488
Starlene,Kohlert,2000,52125-441
Caralie,Martinie,2006,63941-004
Rudd,Doel,1997,41250-000
Vilma,Swarbrick,2001,42361-043
Wren,Rearden,2012,53425-002
Devlin,Jindrak,1987,41163-801
Marc,Bollen,1997,65649-511
Talbot,Gallant,2010,66472-036
Rhody,Sturmey,2006,63354-390
Wendeline,Bootton,2010,61589-3815
Sutton,Curds,2010,59779-669
Humfrey,Padillo,2001,37205-272
Devonna,Latta,2012,0378-4492
Tresa,Delooze,1995,50804-200
Eba,Amberg,1999,68645-482
Monti,MacClay,2005,55292-102
Conan,Yurkevich,2004,63739-537
Winthrop,Crayke,1999,65162-008
Laurens,Tooke,2007,0268-6725
Fabian,Le Gall,2003,44183-201
Reinaldos,Ninnis,1997,58468-0220
Iago,Parradice,2012,52125-306
Emalee,Tape,2000,54458-964
Tomasina,Karim,2005,55505-154
Heywood,Rayburn,2008,50309-777
Laetitia,Blagden,2004,68788-9927
Elsinore,Diable,1986,56062-804
Joscelin,Olwen,2011,55312-235
Parrnell,McSorley,1987,63148-241
Rolf,Wardesworth,2009,55289-719
Jermaine,Lunk,2009,60432-537
Cart,McClenan,2007,0378-0551
Julienne,Brosch,2001,68472-099
Ambros,Errey,1987,45802-410
Bo,MacRitchie,1993,65643-173
Shelden,Lackinton,1989,55390-073
Davine,Burnham,1985,13537-156
Amby,Laytham,2003,21749-702
Felike,Nesbit,1996,62296-0023
Hyacinthia,Pilbury,2011,36987-3038
Sergei,Craythorne,1996,36987-1920
Tierney,Giorgi,2001,63629-4436
Alberik,Stanhope,2000,67777-402
Temp,Friedenbach,2010,63739-553
Collete,Goulborn,2004,57520-0229
Michel,Jakubowski,2002,41520-193
Randolf,Dupre,2005,0228-3507
Edik,Frankel,1988,51346-203
Dorie,Shotton,2003,47593-308
Corey,Urch,2011,60760-059
Abigail,Cattlow,1987,0220-3681
Garland,Shepard,1999,0703-8776
Rutter,Diggin,2009,68428-718
Harlin,Linster,1999,52125-276
Hagen,Armor,2008,66116-435
Ogdon,Cline,2001,55651-024
Fania,Van der Linde,2009,10742-8236
Marlane,Rockliffe,1999,10191-1761
Gunther,Howes,2004,54868-1613
Niall,Tankard,2006,36987-2245
Eliza,Burtonwood,2004,24090-479
Roth,Sparling,2007,67510-0026
Zared,Staresmeare,1974,60505-2593
Fina,Toler,2004,67172-014
Veda,Allanson,1969,10424-154
Hersh,Klimus,1990,16590-274
Clarey,Ferris,2008,41520-281
Alison,Keyworth,2005,75940-122
Emlyn,Everington,1998,65121-001
Augy,Salmond,2003,0085-0517
Malissia,Swindles,2003,52959-620
Alexio,Cocke,2011,57520-0482
Doe,Pistol,2008,48951-8253
Gunner,Scarce,2000,41250-026
Della,Seiler,2000,36987-2263
Boone,Hamblett,2000,24385-143
Allyn,Mileham,2006,60512-6449
Cesaro,Hurburt,1997,43547-275
Celka,Bilbrook,1994,51346-240
Kamilah,Hadlow,1999,54569-3828
Harry,McHugh,2006,61062-0007
Masha,Byron,1998,10237-644
Sibyl,Maltby,1992,50804-165
Guillema,Boggs,2006,0006-0717
Broddie,Gowrie,1990,61748-304
Stanleigh,Key,2009,0135-0230
Marnia,Putland,1972,0093-5061
Carlene,Micah,1998,0409-7677
Ynez,Guile,2005,68745-1050
Curt,Maun,2011,62191-007
Stanford,Coupe,1990,47781-209
Jaynell,Ovendon,2008,66336-502
Ali,Jurewicz,2003,55045-1350
Nikolia,Oakshott,2008,37000-181
Arabel,Tison,2002,68084-462
Spenser,Pelman,2008,0268-0650
Ollie,Petzolt,2009,49483-234
Laney,Schwier,2007,66116-406
Paddie,Benes,2005,60681-1225
Nicolea,Seel,2012,35356-830
Wilmar,Sheffield,2003,59958-200
Bradly,Duggan,2010,53345-012
Hortensia,Points,2007,0781-5578
Cordy,Cromblehome,2010,61995-1805
Sile,Morston,2010,61543-1772
Leisha,Filshin,2006,50991-510
Rodrigo,Madders,1999,49288-0480
Katy,Station,2004,59746-280
Gizela,Andell,2009,75909-100
Euphemia,Pemberton,1968,37000-335
Barron,Bensen,2004,58930-053
Yasmeen,Clemente,1992,65862-618
Allard,Ratcliffe,1990,0904-5941
Dorothy,Beacom,2012,21695-971
Romy,Gierok,1992,52427-286
Demott,Itzcovich,2009,63629-2816
Dewey,Canter,2002,36987-2491
Hallie,Eichmann,2000,57520-0763
Vanya,Grouer,2000,64980-170
Ashla,Leport,2009,61727-337
Marcelia,Rickword,2002,21695-987
Vlad,Manchester,2012,10742-8219
Dulcy,Sleith,2012,0264-7623
Warde,Fillan,2011,36987-2367
Foss,Cleworth,2002,23155-134
Ameline,Drakeford,2010,0004-6316
Maxi,Bernardoni,2000,42192-136
Mikol,Mebs,2009,0113-2310
Cole,Hamper,2003,68001-129
Thorin,Lamers,2009,76070-100
Carny,Cowx,2012,16252-540
Dew,Chasney,2000,30142-539
Broderick,Arr,2009,55714-4540
Jarrid,Baudinot,2003,36987-3374
Sybille,Aubrey,1992,39822-0166
Quentin,Mullaly,2004,68151-4145
Andeee,Tremathack,1995,52686-328
Vivianne,Prestner,2006,21695-432
Eward,Possell,1996,63868-156
Kerri,Impson,1999,14783-335
Finlay,Haldenby,1998,67046-461
Emma,Howgego,2007,16590-852
Emelyne,Hartly,1997,24338-850
Zita,Marfell,1995,49288-0915
Jaimie,Routley,1992,62007-020
Arnuad,Hickisson,2005,48951-2035
Pascal,MacColgan,1992,61715-061
Kristel,Jorn,1996,44911-0012
Karly,Giddings,2007,36987-3231
Fredericka,Wilmore,2002,42254-263
May,Shakespear,2009,49349-646
Susette,Rentalll,2003,61047-819
Barbe,Gunton,1968,36987-2991
Killian,Rodway,2012,49953-2801
Marti,Sclater,1995,0527-1445
Cordi,Growcott,2008,48951-2001
Kakalina,Slyde,2000,12121-001
Carolus,Langman,2012,0113-0852
Aubrette,Freckleton,2003,52810-501
Maritsa,Moncaster,2008,58118-1345
Mandel,Ozintsev,1998,64980-130
Hamid,Toffts,1994,43269-883
Alica,Hawford,2001,76478-501
Roi,Bavester,2006,51389-107
Derek,Boyn,2008,49825-123
Heda,Jirick,2002,68084-656
Katherina,Spoole,2006,57520-1019
Osborne,Vidler,1991,76344-5001
Marjorie,Blaszkiewicz,2004,59762-2332
Rawley,Mahy,1992,63323-475
Cynthie,Rewan,2008,63739-577
Dani,Firbank,1966,45802-361
Lilllie,Laughlin,2000,16590-372
Robby,Peyro,2003,53063-1113
Loralee,Frane,2005,53217-004
Gizela,Korb,2003,58517-360
Jacques,Pridham,2012,52625-100
Jennifer,Peris,2001,41268-050
Caresse,Rammell,2003,49348-934
Carree,Furniss,1999,53499-0390
Ina,Perot,2011,50436-1074
Stephannie,Bushel,1999,64117-285
Karen,Crich,2002,24385-005
Moria,Kunz,2009,43063-415
Marley,Ventom,2005,69034-001
Ursuline,Wozencroft,2012,0378-3422
Hilton,Sedger,2007,65044-3204
Christy,Cosker,2002,65691-0106
Dennet,Hearnah,1990,11822-2203
Devonne,Cornilli,1997,51727-0633
Rudyard,Backshill,2002,0067-4850
Raleigh,Whapple,1993,0187-2614
Jae,Boobyer,2007,0378-3034
Aloysia,Caldairou,2006,53499-8333
Fabien,Gold,1966,49288-0256
Gonzalo,Bradnock,2005,75977-8142
Brandon,Kirkby,2006,0004-0350
Bridie,Lenglet,2007,0173-0344
Opal,Bosanko,1988,10237-589
Zorana,Panniers,2004,49035-112
Shae,Ambler,2008,68047-051
Rodrigo,Kalinsky,2011,37808-419
Cirilo,Beaglehole,2004,52257-1200
Illa,Darby,2009,0268-6220
Janifer,Well,2005,58118-1402
Pyotr,Londing,2000,51852-104
Bobbee,Jeremiah,1995,0268-1185
Jonie,Botright,1998,37000-082
Mercie,Patinkin,2003,54868-5368
Torey,Drynan,1996,63629-4982
Geno,MacCaughey,2004,0093-5171
Karrie,Dory,1999,33261-680
Edsel,June,2010,0615-7607
Gaye,Grigorian,2003,63629-1413
Heindrick,Surgener,2006,24236-624
Jeramey,Hansie,2003,75981-004
Kassie,Awton,2009,68382-200
Natassia,Owthwaite,1999,11822-2890
Peter,Trulock,2003,29500-8040
Grayce,Flett,2012,12090-0061
Tess,Binnes,1991,60913-007
Marmaduke,Monard,2012,64117-290
Vin,Meron,2006,36987-3009
Frederich,Warrack,2011,57955-5071
Elsbeth,Hakonsson,1999,36987-2154
Britt,Presley,2009,63941-376
Godiva,McFayden,1994,49348-850
Fred,Spinello,2008,43474-001
Kacie,Battill,1986,0185-0799
Doria,Kingswoode,1984,68169-0128
Nissie,Mardell,2008,48951-8076
Olenolin,Exrol,2001,0363-0815
Phillipp,Walkey,1988,54569-0826
Kamilah,Gadaud,1995,44873-004
Lise,Laydel,1992,62211-011
Cullan,Aberkirdo,1977,0699-0957
Stacee,Dincey,2006,45861-101
Desi,Sidworth,2010,60512-6026
Elly,Melchior,1999,0591-5708
Liuka,Isard,2012,47335-203
Niccolo,Moncreiff,2004,54868-5526
Rowe,Lett,2005,15310-010
Magdaia,Hammerstone,2009,0093-7440
Henrie,White,2010,51824-473
Martica,Kall,2011,10477-7720
Carie,Selwin,2003,42507-908
Alicia,Wheowall,2011,68462-110
Minta,Guillard,2011,11410-106
Denis,Clemett,1999,0615-6548
Rasla,Kinton,2006,51346-203
Robinette,Janu,1995,61722-185
Kev,Theseira,1991,55154-6245
Steve,Henzer,1988,57955-1801
Easter,Britt,2004,59088-997
Bevan,Barkworth,2011,52125-738
Teddy,MacIan,2003,63354-222
Orelle,Smy,2008,26052-017
Algernon,Jukes,2004,53645-1150
Stephana,Swanton,1993,21695-295
Vina,Olive,2007,0062-5351
Robinette,Tregona,2006,43353-920
Micky,Pawlett,2006,56149-002
Ringo,Peschet,1995,0603-2213
Neila,Leamon,2009,52125-960
Dana,Pringle,1998,67938-1126
Marcellus,Gubbins,2010,53345-007
Sandor,McCurtin,1993,21130-571
Estevan,Fuxman,2012,55312-818
Rachele,Simao,2007,67877-220
Maisey,Pentycross,2008,43063-191
Guthrey,Vickar,1995,0088-2219
Isobel,Humble,1993,63783-504
Windham,Ickeringill,2010,30142-604
Wesley,Dict,2006,23155-179
Lothario,Zolini,1988,42877-092
Rriocard,Finnimore,2003,65162-416
Marena,Millson,2002,57237-075
Harris,Lobley,2007,42291-230
Joscelin,Ridsdell,1996,58232-0751
Algernon,Goundsy,2004,51346-219
Ade,Godehard.sf,1994,47593-466
Golda,Sennett,1995,0006-0117
Rori,Davydenko,2004,50383-924
Antonie,Dowyer,2011,51672-4070
Lilias,But,1998,36987-1878
Rafaelita,Tewkesberry,1985,45737-205
Lucas,Jerred,2009,59779-734
Shel,Greenwood,2006,0065-0271
Alyss,Kmiec,1996,49348-771
Gallagher,O'Doohaine,2012,11410-611
Parker,Assad,2012,55154-5495
Jerrylee,Luter,2009,51079-400
Alyson,Oxford,1996,58118-6666
Hebert,Jedrasik,1985,42002-419
Allina,Darley,1989,51523-104
Corabella,Bonfield,2008,11523-7020
Gretta,Bloxland,1998,44911-0033
Cristine,Greder,2008,21695-422
Shelley,Canada,1995,52125-795
Lucien,Hughs,1999,0378-8700
Zitella,Plane,1986,60267-705
Jasun,Griffithe,1985,55312-374
Claudie,Pengilley,2006,54973-0610
Uriah,Grastye,2006,57520-0015
Culley,Cromblehome,1991,16729-199
Woodrow,Kyme,1988,67457-183
Barbra,Delf,1993,42507-720
Bailie,Rushmare,1994,51346-176
Gualterio,Lindstrom,2012,0031-8715
Cecil,Nix,1986,67046-115
Bree,Bellis,2009,10742-8341
Daloris,Risman,2000,49349-078
Gregory,Skillen,2001,55289-861
Nolana,Fipp,1994,13733-020
Ilysa,Bartlomieczak,2009,0121-4771
Walton,Pierpoint,2000,35356-734
Ammamaria,Pargiter,2010,59535-5601
Kaspar,Kedwell,1997,0067-0949
Nissie,Callis,1993,63187-114
Erina,Besant,2012,63517-803
Modestia,Suarez,2005,37205-677
Anjanette,Cano,1999,55289-591
Dotty,Angel,2004,66184-532
Umeko,Barras,1998,65121-715
Cleveland,Correa,1989,61957-1472
Clea,Moggach,1997,55714-1511
Ximenes,Ford,1993,50730-3101
Davey,Demogeot,2009,10578-022
Vic,Bynert,2004,59779-128
Grannie,Birt,2008,36987-2419
Ivan,McElhinney,2013,66594-444
Uri,Minear,2000,68745-1087
Felisha,Saladine,2001,37000-655
Dylan,Erridge,1986,10819-7006
Lolly,Deaton,2012,59779-813
Zita,Wagstaffe,1995,51079-436
Cleveland,Boyde,1989,10144-602
Bearnard,Theis,2005,42254-250
Twyla,Janovsky,2011,41250-177
Ottilie,Jeannon,1988,53808-0546
Ulrika,Wraxall,2010,21130-609
Dukie,Fellman,1999,49404-102
Gran,Cullingworth,1999,37000-274
Dotti,Davey,1970,11084-061
Patricia,Loukes,2003,53329-809
Benedetto,Castelli,2012,66975-355
Alyosha,McFarlan,1999,0268-6504
Franky,Berrycloth,1993,41163-416
Amelie,Siaskowski,1985,37012-098
Jobye,De Ortega,1995,63629-5083
Winifred,Bocken,1998,60760-018
Jody,Roswarne,1996,60429-382
Brandice,Tangye,1995,50845-0019
Simonette,Lunam,1994,63981-484
Elton,Swalteridge,2009,10019-035
Annie,Johnsson,2002,36987-2369
Carey,Penrose,2008,43275-190
Idelle,Gilvear,2008,0615-5583
Zsa zsa,Suddock,2009,53645-1021
Terrijo,Perigoe,2011,58443-0026
Candis,Deavall,2003,53041-401
Dougy,Ladell,1985,43386-660
Gabbey,Whales,2003,0049-4940
Noell,Heskins,2003,41190-094
Creigh,Enterle,1999,55111-270
Phillis,McIsaac,2009,61357-130
Corny,Allflatt,1990,64376-137
Rosco,McCaskill,2012,49643-405
Vernon,McMurthy,2000,68258-8976
Vasily,Skirven,2010,0781-3166
Stevana,Rundle,2001,63629-3353
Kilian,Peasnone,1978,41520-829
Ashia,Angelo,1998,49349-837
Clare,Gronauer,2006,0378-5426
Berky,Cranshaw,2006,55315-104
Ardis,MacBarron,1999,24987-097
Ashley,Sheddan,1988,12753-307
Alaster,Harradence,2004,24286-1534
Cheryl,Janaszkiewicz,1985,11822-5260
Elisha,Dyas,2000,59779-178
Morris,Pittaway,2006,24385-958
Corbett,Wallace,2000,43742-0177
Deonne,Martelet,1993,55154-9422
Enrico,Purselowe,2008,0942-6495
Antonius,Trowle,1996,42571-111
Jennie,Bratcher,2007,0093-5119
Beauregard,Watkin,1994,61442-115
Biddy,Ruffler,2010,39892-0802
Dorothea,Trimming,2011,33261-797
Homerus,Muffett,1995,36987-1260
Rogers,Doudney,2011,50436-6462
Eldredge,Moralee,2001,67544-276
Sianna,Duckett,2009,50988-212
Christa,Babbe,1989,0603-5781
Hagan,Echallie,1998,47682-114
Nixie,Lighterness,1999,64038-059
Travus,Fargie,1988,42291-253
Jerrilyn,Sturman,2009,10237-814
Killian,Dugan,2002,58668-0751
Alisa,Stockings,2006,68788-9032
Zenia,Itzik,2011,0378-0156
Yorgos,Walsom,1997,53808-0795
Nolly,Sizeland,1997,42367-203
Jules,Argyle,1989,68258-7048
Petronella,Quodling,2004,22955-012
Thelma,Chasemore,2010,55714-4444
Myra,Seyffert,1998,0280-1460
Gery,Statersfield,2012,65342-0945
Aldric,Boswell,2010,0703-1995
Normy,Petrolli,2012,49349-751
Emyle,Dupre,2011,49430-007
Siegfried,Surgen,1998,50804-217
Odille,Belverstone,1998,11928-003
Con,Friedank,2002,76485-1047
Blake,Elstow,2001,53808-0348
Renell,Quimby,1992,63736-918
Joellyn,Bettesworth,1997,55154-5052
Rosabelle,Vassel,1999,76049-121
Christa,MacGillavery,1992,49035-616
Kimberli,Lansbury,2009,68828-047
Thor,Blackborne,2011,49349-757
Dniren,McAnellye,1989,49288-0182
Petronia,Meeking,2003,16590-693
Karney,Bubb,2006,58118-0179
Joaquin,Quinnelly,1995,63629-1494
Woodman,Laughlan,1992,37000-729
Rriocard,McConnulty,2002,68428-127
Evangelia,Drohane,2001,60429-092
Eamon,Poyner,1992,59427-009
Graham,Brimblecomb,2008,50563-114
Gasparo,Sanpher,1992,63323-961
Harlen,Davoren,2011,33261-027
Heath,Hansana,1993,36987-3326
Pietrek,Crowdson,2012,43269-878
Reyna,Grimston,1996,68084-271
Sonya,Heelis,2006,49035-223
Elsey,Bernier,2002,0093-7157
Carolin,Sines,2002,0025-1851
Abe,Clacey,1995,44567-235
Freddie,Lydall,2002,36987-2951
Daisy,Mikalski,2010,54868-5738
Linda,Taberer,1993,49349-199
Fayina,Padginton,2012,0941-0409
Austine,Charlon,1994,60512-6643
Sinclare,Maureen,2001,55289-592
Bev,Renachowski,1996,13537-162
Herman,Fossitt,1988,59528-1988
Charlena,McElory,2005,36987-2308
Rem,Andrichak,1977,62541-202
Brynna,Farndell,2005,43251-3353
Mattheus,Levene,2008,36987-3079
Madelina,Shakshaft,2000,36987-3313
Gwenni,Groven,1986,0037-2001
Inger,Bernolet,1994,0591-3169
Sascha,MacMeanma,2010,51263-3185
Nicolis,Gionettitti,1993,10742-8562
Dermot,Paeckmeyer,1996,63323-493
Else,Antoniazzi,2008,51477-001
Marleah,Fruchter,1996,67938-1024
Chandra,Quartly,2000,54868-4428
Sydney,Scully,1983,76162-809
Corabella,Suett,2004,98132-134
Sapphira,Surgood,2009,69154-020
Ned,Cornell,1996,54868-4607
Marci,Bover,2011,36987-2673
Buiron,Glassborow,1989,43063-401
Sloan,Averay,2012,36800-154
Shirl,Hatfull,2006,0093-4029
Caspar,Andreou,2006,17518-053
Nilson,Radke,2003,64380-760
Marten,Shireff,1998,0781-3004
Malcolm,Imlaw,2007,53634-010
Charo,McFadyen,1998,58118-0066
Gene,Swalwell,2006,36800-901
Emiline,Corns,2000,68703-049
Helene,Cronchey,2012,0113-0468
Gilligan,Gauchier,2002,59762-0046
Goran,Braffington,2010,51457-000
Rebbecca,Morforth,2006,0268-6785
Martin,Inglesent,2009,61786-042
Martyn,Patnelli,2006,14783-468
Ashlen,Fearnsides,2000,0268-0967
Davina,Gehrtz,2004,52125-829
Joelynn,Blyde,2005,0037-6885
Mady,Blasoni,2005,10345-032
Carly,Scowcraft,1992,50988-250
Madelena,Goricke,1992,0268-6707
De witt,Kamen,2005,0145-0986
Laurie,Swyn,1994,0603-1567
Isabeau,Bowlas,1993,47682-175
Bern,Seymour,2005,76159-004
Erhard,Kunz,1997,60760-141
Candice,Cowitz,2011,76214-003
Gayla,Felton,1989,13630-0024
Ethyl,Le Houx,1993,48951-8207
Zsazsa,Nieass,2006,10056-709
Gherardo,Blaksley,2002,43419-326
Quentin,Jager,1994,10345-026
Garrick,Weildish,1979,56062-175
Lynette,Varker,2010,42508-150
Kyle,Doyle,2005,10096-0281
Betsy,Jamblin,1990,63187-012
Tally,Grinaway,1971,61957-2134
Alley,McKoy,1987,66007-212
Brion,Luff,2003,63824-010
Elyssa,Brech,1993,55312-281
Amalee,Le Noir,1998,43853-0008
Gallard,Hebditch,1994,59667-0049
Cordie,Jeves,2010,0904-0789
Genna,Micheu,2001,0078-0359
Mei,Park,1993,58232-0212
Leonelle,Viccars,2011,65862-551
Hailee,Frandsen,2005,27495-010
Kirby,Duguid,1997,68220-131
Wake,Mangeot,1999,68971-001
Patrizius,Povele,1974,14783-304
Jacintha,Theuff,1992,52125-769
Wallie,Surmeir,2010,54569-0313
Cosmo,MacGille,2000,15062-003
Elsie,Dymidowicz,1996,10544-213
Ernst,Leglise,2003,24385-161
Alexine,Slopier,2008,53145-401
Diann,Moyles,1997,58154-103
Sawyere,Mil,2008,68016-287
Mil,Capron,2006,68180-478
Katinka,Grono,1989,58118-3339
Janaya,Genge,1991,76237-243
Kenn,Goldstein,1988,55154-5414
Minta,Heaford,1997,55714-4628
Ros,Peegrem,1991,67510-0069
Broddie,MacIlory,1996,54973-9147
Dori,Hannond,2012,42783-111
Rickert,Guyers,1994,36987-2662
Estrellita,Adrien,2000,58737-106
Sullivan,Millbank,2008,64720-216
Gradey,Lamprey,2006,43742-0497
Rhodia,Easen,1992,10135-493
Randi,Genny,1989,42192-129
Aleda,Valentelli,2005,59779-216
Park,Prugel,2003,10158-085
Livia,Cordner,2006,68745-2006
Malvin,Klimushev,2004,0268-6518
Kath,Slocombe,2012,36987-3053
Grethel,Row,2008,43063-258
Reinaldo,Crofthwaite,1966,16477-106
Iolande,Luetkemeyers,1996,63629-1823
Adorne,Colthurst,1994,68428-731
Evita,Bisson,2005,0025-1901
Gilligan,Pigott,2008,50436-0919
Nicolette,Ephson,2010,33261-648
Ric,Sones,2005,50523-000
Odetta,Kamena,2008,64942-1010
Kipp,Cinelli,1995,68229-200
Rey,Barker,1993,31645-164
Foster,Browse,2009,36987-2997
Donelle,Ricks,1999,49527-015
Maje,Girodias,2006,67544-892
Jerald,Kett,2006,45802-106
Ailee,Arnowitz,1990,52685-323
Joyann,Spilstead,1984,58232-6000
Giff,Aucutt,1999,51672-1301
Boony,Winwood,2011,0591-3671
Karla,Radnage,1993,10842-200
Shelba,Knight,2009,24090-473
Cammie,Jozsika,2001,62206-4901
Cathryn,Schmidt,1996,66472-038
Whitney,Keneford,1992,50930-099
Trefor,Jennery,2007,41520-544
Emyle,Ivachyov,1989,66608-515
Fedora,Clamp,2003,69017-101
Karlik,Washtell,2000,68084-825
Francoise,Grevile,2006,49349-482
Hort,Seven,2001,36987-1284
Kent,Duffill,2004,76141-368
Chryste,Fundell,1998,60429-215
Lorie,Casson,1998,24236-166
Arley,Conduit,2003,59676-304
Merilee,Diplock,2012,67544-217
Brianna,Smithson,1993,0573-1916
Brittaney,Fairlaw,1997,69149-101
Annora,Maffucci,2009,0187-5190
Katy,Templar,2006,64942-1336
Yoshi,Glendzer,2007,59279-514
Honor,Wellbank,2002,51885-3310
Gaston,More,1993,50458-645
Miller,Tabord,2011,62802-214
Maighdiln,Stone,2009,42858-702
Teodoor,Sharma,2000,39822-0412
Valida,Jorioz,1984,76439-121
Mirilla,Ferrarotti,1989,69234-003
Desmond,Eard,1997,10202-368
Susette,Rosenblatt,2009,42254-151
Sophronia,Lerner,2000,43979-446
Manolo,Kira,1997,41250-180
Gib,Starking,2009,28064-056
Rockey,Rampling,2001,48951-8236
Nerta,Gyurkovics,1997,67544-097
Gerhardine,Croxley,2012,41415-210
Brose,Rosetti,1993,43353-340
Aurelea,Okenden,1977,22100-016
Ninnetta,Poyser,1970,49035-001
Gae,Joao,1999,49999-913
